Comment,Designator,Footprint,LCSC Part #
,C48 C74,C0402,
,R49 R53 R54,TC33X,
0R,JP-3V3-1 JP-3V3-2 JP-EXT-1 JP-EXT-2,0603,
0R,R9 R15 R24 R42 R43 R44 R45 R46 R47 R48,0402,
0R,R51 R52,0603,
1.2M 0.1%,R58,0402,
1K,R10 R11 R25 R26 R27 R28 R29 R30 R31 R32 R33 R34 R35 R36 R37 R38 R40 R41,0402,
1M,R68,0402,
1uF,C15 C50 C52 C54 C56 C58 C60 C62 C64 C66 C68 C72 C122 C124,C0402,
2.2K 1%,R12,0402,
3.2K 1%,R89 R93 R97 R101,0402,
4.7K,R17,0402,
4.7nF,C92,C0402,
4.7nF,C115,0402,
4.7uF,C85,C0402,
5.1K,R61 R62,0402,
10K,R16 R63 R64 R72 R75 R77,0402,
10K 0.1%,R67 R71 R73 R76 R87 R88 R91 R92 R95 R96 R99 R100 R103 R104 R107 R108 R111 R112 R115 R116,0402,
10R,R1 R2 R3 R4 R5 R6 R7 R8,0402,
10nF,C91 C103 C106 C107,C0402,
10pF,C100 C101,C0402,
10uF,C47 C70,C0402,
10uF,C78,0805,
10uF,C90,C0402,
10uF,C102 C104,C0805,
10uF,C110,C0402,
12nF,C139 C142 C145 C148,C0402,
15pF,C19 C20,C0402,
20K,R55 R56,TC33X,
20nF,C127 C130 C133 C136,C0402,
22uF,C93 C94 C95 C96 C97 C98 C108 C109,C0805,
27R,R13 R39,0402,
68R 1%,R90 R94 R98 R102,0402,
75K 0.1%,R60,0402,
86K 1%,R105 R109 R113 R117,0402,
90K 0.1%,R74,0402,
100K 0.1%,R69 R70,0402,
100R,R14,1206,
100R,R50,0402,
100nF,C1 C2 C3 C4 C5 C6 C7 C8 C9 C10 C11 C12 C13 C14 C16 C17 C18 C22 C25 C28 C29 C30 C31 C32 C33 C34 C35 C36 C37 C38 C39 C40 C45 C46 C49 C51 C53 C55 C57 C59 C61 C63 C65 C67 C69 C71 C73 C75 C76 C77,C0402,
100nF,C79,0402,
100nF,C80 C81 C82 C83 C84 C86 C87 C88 C89 C111 C112 C113 C114 C116 C120 C121 C123 C125 C126 C128 C129 C131 C134 C137 C140 C143 C146 C149,C0402,
100uF 16V,C26 C27,100UF-16V,
102K 0.1%,R57,0402,
110R 1%,R106 R110 R114 R118,0402,
137K 0.1%,R59,0402,
200R,R20 R21 R22 R23,0402,
220nF,C99 C105,C0402,
270pF,C23 C24 C42 C43,C0402,
680pF,C41 C44,C0402,
950K 0.1%,R19,0402,
AD8605,IC11 IC13 IC23,SOT23-5,
ADA4254ACPZ,IC7 IC9,QFN50P500X500X75-29T314N,
ADS9234RIRHBR,IC10,VQFN32-5X5,
B3U-1000P-B,RESET USB_BOOT,SWITCH-OMRON_B3U-1000P,
CRA034RF100RP05Z,R86,YC164-JR-0733RL,
DAC8568,IC22,TSSOP16,
DG409,IC6 IC8,TSSOP2,
DNI,R18,0402,
IRLML5203,T2,MICRO3,
K5A1200015304P,X2,OSCCC500X320X130,
LM4040BXX,REF1,SOT23,
MCP1525T-I/TT,IC12,SOT23,
MCP6001AIDBVRG,IC3,SOT23-5,
MIC5504-3.3YM5-TR,IC1,SOT23-5,
OPA192,IC24 IC25 IC26 IC27,SOT23-5,
OPA197,IC28 IC29 IC30 IC31,SOT23-5,
RP2040,IC2,QFN40P700X700X100-57T510,
SP0503BAHTG-ES,ESD1,SOT143,
SRR5228A-4R7Y,L3 L4,SRR5228A,
SS12,D1 D3 D4,SMA,
TP,12VN 12VP AVDD BUF CLR CS0 CS1 CS2 CS3 DAC0 DAC1 DAC2 DAC3 DAC4 DAC5 DAC6 DAC7 DVDD IOVDD LDAC MISO MOSI REFBY2 REFOUT SCK TP_3V3 TP_GND VBUS VOCMA VREF1 VREF_DAC,TP,
TPS7A39,IC15,WSON10-3X3,
TPS65131,IC14,VQFN24-4X4-THERMAL2.5X2.5,
USB-TYPE-C-018,USBC,629722000214,
W25Q128JVPIQ,IC4,SON127P600X500X75-8N,
